delete from assignment;
delete from takes;
delete from course;
delete from student;
delete from instructor;
delete from department;
INSERT INTO department (d_id, d_name) VALUES (1, 'Computer Science');
INSERT INTO department (d_id, d_name) VALUES (2, 'Electrical Engineering');
INSERT INTO department (d_id, d_name) VALUES (3, 'Mechanical Engineering');
INSERT INTO department (d_id, d_name) VALUES (4, 'Chemical Engineering');
INSERT INTO department (d_id, d_name) VALUES (5, 'Civil Engineering');
INSERT INTO instructor (i_id, i_name, iemail, d_id) VALUES (1, 'John Smith', 'john.smith@university.edu', 1);
INSERT INTO instructor (i_id, i_name, iemail, d_id) VALUES (2, 'Emily Johnson', 'emily.johnson@university.edu', 2);
INSERT INTO instructor (i_id, i_name, iemail, d_id) VALUES (3, 'Michael Williams', 'michael.williams@university.edu', 3);
INSERT INTO instructor (i_id, i_name, iemail, d_id) VALUES (4, 'Sarah Davis', 'sarah.davis@university.edu', 4);
INSERT INTO instructor (i_id, i_name, iemail, d_id) VALUES (5, 'David Rodriguez', 'david.rodriguez@university.edu', 5);
INSERT INTO instructor (i_id, i_name, iemail, d_id) VALUES (6, 'Jennifer Martinez', 'jennifer.martinez@university.edu', 1);
INSERT INTO instructor (i_id, i_name, iemail, d_id) VALUES (7, 'William Jackson', 'william.jackson@university.edu', 2);
INSERT INTO instructor (i_id, i_name, iemail, d_id) VALUES (8, 'Linda Harris', 'linda.harris@university.edu', 3);
INSERT INTO instructor (i_id, i_name, iemail, d_id) VALUES (9, 'Matthew Martin', 'matthew.martin@university.edu', 4);
INSERT INTO instructor (i_id, i_name, iemail, d_id) VALUES (10, 'Amanda Lee', 'amanda.lee@university.edu', 5);
INSERT INTO student (s_id, s_name, semail, dob, tot_cred, d_id) VALUES (1, 'John Doe', 'johndoe@email.com', TO_DATE('1995-01-01', 'yyyy-mm-dd'), 45, 1);
INSERT INTO student (s_id, s_name, semail, dob, tot_cred, d_id) VALUES (2, 'Jane Smith', 'janesmith@email.com', TO_DATE('1996-02-02', 'yyyy-mm-dd'), 32, 2);
INSERT INTO student (s_id, s_name, semail, dob, tot_cred, d_id) VALUES (3, 'Bob Johnson', 'bobjohnson@email.com', TO_DATE('1997-03-03', 'yyyy-mm-dd'), 22, 3);
INSERT INTO student (s_id, s_name, semail, dob, tot_cred, d_id) VALUES (4, 'Alice Lee', 'alicelee@email.com', TO_DATE('1998-04-04', 'yyyy-mm-dd'), 18, 4);
INSERT INTO student (s_id, s_name, semail, dob, tot_cred, d_id) VALUES (5, 'Mike Brown', 'mikebrown@email.com', TO_DATE('1999-05-05', 'yyyy-mm-dd'), 12, 5);
INSERT INTO student (s_id, s_name, semail, dob, tot_cred, d_id) VALUES (6, 'Sarah Davis', 'sarahdavis@email.com', TO_DATE('1994-06-06', 'yyyy-mm-dd'), 29, 1);
INSERT INTO student (s_id, s_name, semail, dob, tot_cred, d_id) VALUES (7, 'David Wilson', 'davidwilson@email.com', TO_DATE('1993-07-07', 'yyyy-mm-dd'), 35, 2);
INSERT INTO student (s_id, s_name, semail, dob, tot_cred, d_id) VALUES (8, 'Samantha Clark', 'samanthaclark@email.com', TO_DATE('1992-08-08', 'yyyy-mm-dd'), 40, 3);
INSERT INTO student (s_id, s_name, semail, dob, tot_cred, d_id) VALUES (9, 'Jason Carter', 'jasoncarter@email.com', TO_DATE('1991-09-09', 'yyyy-mm-dd'), 15, 4);
INSERT INTO student (s_id, s_name, semail, dob, tot_cred, d_id) VALUES (10, 'Emily Hernandez', 'emilyhernandez@email.com', TO_DATE('1990-10-10', 'yyyy-mm-dd'), 28, 5);
INSERT INTO course (c_id, c_name, credits, d_id, i_id) VALUES (1, 'Introduction to Programming', 3, 1, 1);
INSERT INTO course (c_id, c_name, credits, d_id, i_id) VALUES (2, 'Data Structures and Algorithms', 4, 1, 1);
INSERT INTO course (c_id, c_name, credits, d_id, i_id) VALUES (3, 'Digital Circuits', 3, 2, 2);
INSERT INTO course (c_id, c_name, credits, d_id, i_id) VALUES (4, 'Signals and Systems', 4, 2, 2);
INSERT INTO course (c_id, c_name, credits, d_id, i_id) VALUES (5, 'Mechanics', 3, 3, 3);
INSERT INTO course (c_id, c_name, credits, d_id, i_id) VALUES (6, 'Thermodynamics', 4, 3, 3);
INSERT INTO course (c_id, c_name, credits, d_id, i_id) VALUES (7, 'Chemical Kinetics', 3, 4, 4);
INSERT INTO course (c_id, c_name, credits, d_id, i_id) VALUES (8, 'Embeded systems', 4, 1, 5);
INSERT INTO course (c_id, c_name, credits, d_id, i_id) VALUES (9, 'OOP', 4,5,6);
INSERT INTO course (c_id, c_name, credits, d_id, i_id) VALUES (10, 'Digital Systems', 3, 1, 7);
INSERT INTO course (c_id, c_name, credits, d_id, i_id) VALUES (11, 'Networking', 3, 1, 8);
INSERT INTO course (c_id, c_name, credits, d_id, i_id) VALUES (12, 'Math-3', 4, 1, 9);
INSERT INTO course (c_id, c_name, credits, d_id, i_id) VALUES (13, 'Math-4', 3, 1, 10);
INSERT INTO takes (s_id, c_id, attendance) VALUES (1, 1, 90);
INSERT INTO takes (s_id, c_id, attendance) VALUES (2, 1, 85);
INSERT INTO takes (s_id, c_id, attendance) VALUES (3, 2, 80);
INSERT INTO takes (s_id, c_id, attendance) VALUES (4, 2, 75);
INSERT INTO takes (s_id, c_id, attendance) VALUES (5, 3, 70);
INSERT INTO takes (s_id, c_id, attendance) VALUES (5, 4, 70);
INSERT INTO takes (s_id, c_id, attendance) VALUES (6, 3, 85);
INSERT INTO takes (s_id, c_id, attendance) VALUES (7, 4, 80);
INSERT INTO takes (s_id, c_id, attendance) VALUES (8, 4, 75);
INSERT INTO takes (s_id, c_id, attendance) VALUES (9, 5, 70);
INSERT INTO takes (s_id, c_id, attendance) VALUES (10, 5, 85);
INSERT INTO takes (s_id, c_id, attendance) VALUES (1, 3, 90);
INSERT INTO takes (s_id, c_id, attendance) VALUES (1, 5, 90);
INSERT INTO takes (s_id, c_id, attendance) VALUES (1, 7, 90);
INSERT INTO takes (s_id, c_id, attendance) VALUES (1, 8, 90);
INSERT INTO takes (s_id, c_id, attendance) VALUES (1, 9, 90);
INSERT INTO takes (s_id, c_id, attendance) VALUES (1, 10, 90);
INSERT INTO takes (s_id, c_id, attendance) VALUES (1, 11, 90);
INSERT INTO takes (s_id, c_id, attendance) VALUES (1, 12, 90);
INSERT INTO takes (s_id, c_id, attendance) VALUES (1, 13, 90);
INSERT INTO takes (s_id, c_id, attendance) VALUES (2, 3, 85);
INSERT INTO takes (s_id, c_id, attendance) VALUES (2, 6, 85);
INSERT INTO takes (s_id, c_id, attendance) VALUES (2, 7, 85);
INSERT INTO takes (s_id, c_id, attendance) VALUES (2, 9, 85);
INSERT INTO takes (s_id, c_id, attendance) VALUES (2, 10, 90);



INSERT INTO assignment (a_id, a_name, marks, c_id, s_id, max_m) VALUES (1, 'Assignment 1', 80, 1, 1, 100);
INSERT INTO assignment (a_id, a_name, marks, c_id, s_id, max_m) VALUES (2, 'Assignment 2', 75, 1, 2, 100);
INSERT INTO assignment (a_id, a_name, marks, c_id, s_id, max_m) VALUES (3, 'Assignment 1', 85, 2, 3, 100);
INSERT INTO assignment (a_id, a_name, marks, c_id, s_id, max_m) VALUES (4, 'Assignment 2', 90, 2, 4, 100);
INSERT INTO assignment (a_id, a_name, marks, c_id, s_id, max_m) VALUES (5, 'Assignment 1', 75, 3, 5, 100);
INSERT INTO assignment (a_id, a_name, marks, c_id, s_id, max_m) VALUES (6, 'Assignment 2', 80, 3, 6, 100);
INSERT INTO assignment (a_id, a_name, marks, c_id, s_id, max_m) VALUES (7, 'Assignment 1', 85, 4, 7, 100);
INSERT INTO assignment (a_id, a_name, marks, c_id, s_id, max_m) VALUES (8, 'Assignment 2', 90, 4, 8, 100);
INSERT INTO assignment (a_id, a_name, marks, c_id, s_id, max_m) VALUES (9, 'Assignment 1', 75, 5, 9, 100);
INSERT INTO assignment (a_id, a_name, marks, c_id, s_id, max_m) VALUES (10, 'Assignment 2', 80, 5, 10, 100);
INSERT INTO assignment (a_id, a_name, marks, c_id, s_id, max_m) VALUES (11, 'Assignment 1', 80, 1, 3, 100);
INSERT INTO assignment (a_id, a_name, marks, c_id, s_id, max_m) VALUES (12, 'Assignment 2', 85, 1, 4, 100);